Project ID,Email ID link
BCHS 2025,upload-bronxcare-health-system-ruwzxcscr0@us02.procoretech.com
MS 2025,upload-mount-sinai-project-vztevhuull@us02.procoretech.com
21-1037,upload-nyc-ddc-new-district-1--3-phase-2-garage-nrww5qi7dp@us02.procoretech.com
21-1060,upload-fit-new-academic--interior-cnlmcbg6o5@us02.procoretech.com
21-1187,upload-sca-ps-169q-f9ic5rwfpo@us02.procoretech.com
21-1235,upload-sca-ps-41q-xaict03pdt@us02.procoretech.com
21-1243,upload-bxp-343-madison--phase-1-esa-icwgyrvu8c@us02.procoretech.com
21-1287,upload-sca-ps-85q-ksrkeplz9d@us02.procoretech.com
21-1289,upload-sca-ps-468x-73fizrtkjl@us02.procoretech.com
21-1294,upload-sca--ps-424k-albee-square-cnfmrlpwli@us02.procoretech.com
21-1295,upload-sca-ps-108x-kqdnzlmwx0@us02.procoretech.com
21-1298,upload-sca-ps-469x-0zwlgvursa@us02.procoretech.com
21-1305,upload-sca-ps-676k-pbstifoema@us02.procoretech.com
21-1323,upload-sca-hs-472q-fpezjx8jdd@us02.procoretech.com
21-1362,upload-brookhaven-national-labs-bnl-qczlzswx8u@us02.procoretech.com
21-1611,upload-sca-ps-138x-yhuuu28bgw@us02.procoretech.com
22-1071,upload-sca-ps-163x-jyxle6q1gr@us02.procoretech.com
22-1102,upload-nassau-county--family--matrimonial-court-najax5qw1o@us02.procoretech.com
22-1173,upload-wards-island-wwtp-sz4v1dvyaw@us02.procoretech.com
22-1228,upload-sca-ps-99k-3rjotxzn6b@us02.procoretech.com
22-1283,upload-sca-hs-m465--health-careers--science-zkv56bpecv@us02.procoretech.com
22-1366,upload-sca-ps-161k-q5irc9ssnh@us02.procoretech.com
22-1373,upload-gi-construction-sign-dc8zhbhpj8@us02.procoretech.com
22-1374,upload-sca-ps-is-502m-kuhfrnxxkz@us02.procoretech.com
22-1389,upload-sca-hs-556k-bushwick-leaders-hs-vn3izolmbp@us02.procoretech.com
22-1394,upload-sca-ps-26q-new-4story-additionfa-upgrade-ywacptgy3d@us02.procoretech.com
22-1397,upload-sca-ps-174q-fteniqvhxm@us02.procoretech.com
22-1401,upload-success-academy-charter-schools-ptzqtqx7sj@us02.procoretech.com
22-1408,upload-sca-ps-160q-9kg3w2pdxl@us02.procoretech.com
22-1418,upload-sca-ps-5r-rwth97x1zt@us02.procoretech.com
22-1419,upload-sca-ps-57m-tcspccl0tg@us02.procoretech.com
22-1420,upload-sca-ps-174q-xvwbk2bvae@us02.procoretech.com
22-1425,upload-sca-ps-53k-glsq0rpbpn@us02.procoretech.com
22-1435,upload-sca-hs-475q-richmond-hills-d5buulefn2@us02.procoretech.com
22-1461,upload-sca-ps-497q-nftrg8tcsg@us02.procoretech.com
22-1491,upload-sca-597k-bishop-kearney-jwol98g6jq@us02.procoretech.com
22-1612,upload-yonkers-capital-improvement-rehab--phase-qqctryoo3b@us02.procoretech.com
22-1953,upload-sca-ps-312k--reso-a-uor2qvu7n7@us02.procoretech.com
22-1967,upload-hillview-reservoir-hvr210--pipe-valve--e-f0nisohlmn@us02.procoretech.com
22-1981,upload-2310-42nd-road-vf3ep61ch0@us02.procoretech.com
22-1997,upload-sca-ps-121r-d6a7pz274b@us02.procoretech.com
22-2069,upload-sca-d75-school--k464-qozbfiiw3r@us02.procoretech.com
22-2103,upload-hallets-point--20-30-project-wfhelmcnor@us02.procoretech.com
22-2204,upload-west-point--michie-stadium-e0ykk10z9g@us02.procoretech.com
23-1028,upload-new-john-a-holmes-high-school-fdasasi206@us02.procoretech.com
23-1078,upload-estella-housinghempstead-6ovfkke0q5@us02.procoretech.com
23-1146,upload-sca-ps-273k-yrc4uzkb2y@us02.procoretech.com
23-1161,upload-sca-ps-256q-ag5d6fvrln@us02.procoretech.com
23-1173,upload-sca-ps-140m-rmwsfv9l3i@us02.procoretech.com
23-1298,upload-the-armory--interior-signage-v93mrjus4j@us02.procoretech.com
23-1342,upload-sca-ps-180k-cuyddepktz@us02.procoretech.com
23-1344 ,upload-sca-ps-197m-avytecm6of@us02.procoretech.com
23-1382,upload-sca-ps-312k-mwshosykct@us02.procoretech.com
23-1489,upload-92ny-n2ms4-pkg-3-18szh3lhxv@us02.procoretech.com
23-1524,upload-ddc-bronx-animal-care-center-and-vet-cli-lhwbpfcial@us02.procoretech.com
23-1559,upload-cuny-baruch-college--elevator-modernizat-8udeds3e6c@us02.procoretech.com
23-1568,upload-sca-ps-163x-qcpepax3gj@us02.procoretech.com
23-1578,upload-sca-john-dewey-annex-school-c0pp7aogyf@us02.procoretech.com
23-1579,upload-sca-ps-509q-aiyoo9mhcz@us02.procoretech.com
23-1589,upload-sca-ps-134q-w9g6axliwx@us02.procoretech.com
23-1651,upload-sca-ps-116q-qayw2qd6ku@us02.procoretech.com
23-1672,upload-114-snediker-ave-ty3zznhyby@us02.procoretech.com
23-1678,upload-sca-is-004k-zhojllgnty@us02.procoretech.com
23-1684,upload-sca-ps-380k-yz0dvfeva3@us02.procoretech.com
23-1693 ,upload-sca-ps-182q-nf1m3ggkao@us02.procoretech.com
23-1701,upload-sca-ps-627k-osejx1cb3q@us02.procoretech.com
23-1705 ,upload-sca-jhs-216q-ocr1cszvud@us02.procoretech.com
23-1712,upload-sca-hs-539m-dgogeke0jx@us02.procoretech.com
23-1733,upload-sca-is-211k-etvqlqrwnp@us02.procoretech.com
23-1757,upload-gi-construction-signs-2elhmxj2is@us02.procoretech.com
23-1762,upload-nuyorican-poets-cafe-renovation-dfyeedqty5@us02.procoretech.com
23-1778,upload-sca-ps-178x-mxu2xy6ess@us02.procoretech.com
23-1801,upload-251-east-51st-street-apwbevq2vh@us02.procoretech.com
23-1872,upload-cst-ready-building-vjfmm14ywl@us02.procoretech.com
23-2075,upload-m131119m-hansborough-sqdmswnlid@us02.procoretech.com
23-2079,upload-amtrak-east-river-tunnels-rehabilitation-67br758rup@us02.procoretech.com
23-2163,upload-pocketbook-hudson-hotel-kujj0g9tkx@us02.procoretech.com
23-2293,upload-caven-point-army-reserve-center-8glndmorft@us02.procoretech.com
23-2300,upload-stony-brook-university--rehab-chemistry--dduj0excge@us02.procoretech.com
23-2312,upload-sca-ps-44k-ym6xzbylaf@us02.procoretech.com
23-2323,upload-wyckoff-gardens-pllqx9dxpb@us02.procoretech.com
23-2415,upload-hvr210-hillview-reservoir-chemical-addit-engkvzgjm1@us02.procoretech.com
23-2419,upload-sca-ps-046q-l46f617m8t@us02.procoretech.com
23-2452,upload-soho-grand-hotel-signage-rb8xiwfbrx@us02.procoretech.com
23-2461,upload-addrepair-crash-rescue-station-2-bldg-34-n9wfrp0esz@us02.procoretech.com
23-2486,upload-acs--110-william-street--tranche-a-gtbeiowv0f@us02.procoretech.com
23-2500,upload-sca-ps-169m-z5n1gndfn6@us02.procoretech.com
23-2569,upload-conrac-parking-garages-newark-liberty-ai-fu7moebtpu@us02.procoretech.com
23-2589,upload-nycha-waste-yard-ex1tzri0tc@us02.procoretech.com
24-1018,upload-adams-edu-campus-modernization-gmp-ayfo1biwwu@us02.procoretech.com
24-1074,upload-sca-q340--ps-4610-kvdnsyy9pw@us02.procoretech.com
24-1136,upload-uncsa-stevens-center-ycgwwz34jk@us02.procoretech.com
24-1137,upload-rehab-natural-sciences-building--suny-ol-1axlud4mke@us02.procoretech.com
24-1184,upload-sca-ps-401k-hjptiywsf5@us02.procoretech.com
24-1238,upload-nycha--reid-park-rock-rpr--phase-ii-ryel6mtw8v@us02.procoretech.com
24-1257,upload-rockaway-operation-headquartersdb-y1mtpfcugw@us02.procoretech.com
24-1297,upload-acs--110-william-street--tranche-b-jknhttllg7@us02.procoretech.com
24-1315,upload-coney-island-ci119-k9clh4nfw1@us02.procoretech.com
24-1365,upload-bxp-343-madison--phase-1-esa-eaob8ztoez@us02.procoretech.com
24-1439,upload-addrepair-crash-rescue-station-2-bldg-34-goovcetgxy@us02.procoretech.com
24-1450,upload-newburgh-city-school-district-ewptkuoyto@us02.procoretech.com
24-1504,upload-sca-is-34r-3u1tijoyfy@us02.procoretech.com
24-1549,upload-sca-ps-193k-aumoow1uan@us02.procoretech.com
24-1557,upload-nu3s-autocare-center--exterior-signs-1a-5shiidxp5z@us02.procoretech.com
24-1567,upload-gowanus-houses-signages-t2xjaztjgr@us02.procoretech.com
24-1570,upload-sca-hs-551m--annex-kgzbelchpt@us02.procoretech.com
24-1577,upload-iona-university--dining-renovations-anpofssb3x@us02.procoretech.com
24-1583,upload-sca-ps-160q-8zqdk1feki@us02.procoretech.com
24-1584,upload-sca-ps-13--annex-staten-island-r4tpr7snji@us02.procoretech.com
24-1629,upload-2-grand-commons-mioc844wfy@us02.procoretech.com
24-1652,upload-110-william-street--acs-tranche-c-hzibtenped@us02.procoretech.com
24-1653,upload-caven-point-army-reserve-center-7o9xmjsbcx@us02.procoretech.com
24-1675,upload-sca-is-529x-6x8xhzok9m@us02.procoretech.com
24-1702,upload-1290-madison-ave-dlb06jn5tc@us02.procoretech.com
24-1763,upload-1886-broadway-30-west-63rd-street-fhmccvh2cv@us02.procoretech.com
24-1819,upload-upenn-park-maps-pr1glngse8@us02.procoretech.com
24-1838,upload-nu3s-autocare-center--exterior-signs-2a3-evyczb2eho@us02.procoretech.com
24-1839,upload-panynj--airtrain-work-order-5-qudaq1max5@us02.procoretech.com
24-1925,upload-nycha-repairs--construction-sign-yy5amcnsst@us02.procoretech.com
24-1946,upload-55-wall-street-signage-e3opcazkho@us02.procoretech.com
24-2001,upload-nycc-250-broadway-7th--8th-flr-t4ldv3arxj@us02.procoretech.com
24-2023,upload-parker-towers--elevator-bank-bg0t8hsmii@us02.procoretech.com
24-2057,upload-terminal-warehouse--wayfinding-design-de-4rvgqpov3g@us02.procoretech.com
24-2110,upload-koch--5th-flr-wayfinding-3jznjjdqlh@us02.procoretech.com
24-2126,upload-nu3s--marketing-signages-cykvgbnrxo@us02.procoretech.com
24-2166,upload-millers-grant-phase-2--interior-building-hxcojmtyiu@us02.procoretech.com
25-1008,upload-undc--2-un-plaza-former-school-demo-12-f-dysvsv3z8j@us02.procoretech.com
25-1012,upload-yonkers-capital-improvement-rehab--phase-wvb5ynixc9@us02.procoretech.com
25-1018,upload-1717-vyse-avenue-uuk6kgjyvl@us02.procoretech.com
25-1145,upload-equinox--hudson-square-6hwj0of2vr@us02.procoretech.com
25-1170,upload-manhattan-pet-adoption-center--decal-yhzvz5nq5j@us02.procoretech.com
25-1201,upload-soho-house--lift-buttons-gyvc4orfyx@us02.procoretech.com
25-1217,upload-soho-house--pool-signage-tvy0qsktvw@us02.procoretech.com
25-1223,upload-lobby-and-5th-floor-courtyard-signage-amlpa0wx8d@us02.procoretech.com
25-1235,upload-tompkinsville-esplanade--bay-street-land-aqoxnuiera@us02.procoretech.com
25-1237,upload-dumbo-house--pool-signage-dfw3qdcbpn@us02.procoretech.com
25-1368,upload-soho-house-suncream-signage-oavmdsmznw@us02.procoretech.com
25-1387,upload-sca-ps-163k-807k--occupancy-sign-hdwwp4jzx6@us02.procoretech.com
25-1406,upload-sca-ps-6k--occupancy-sign-ll665eog77@us02.procoretech.com
25-1415,upload-q046121m-caminiti-playground--constructi-tdje2tl4bm@us02.procoretech.com
25-1434,upload-hovercraft-studio--plaque-tycdt61tqf@us02.procoretech.com
25-1443,upload-apogee-golf-club-obp65a3iac@us02.procoretech.com
25-1444,upload-greenpoint-green-infrastructure--constru-ffl7crrt9y@us02.procoretech.com
25-1445,upload-a-frame--273-bleecker-st-kyujzu8gcg@us02.procoretech.com
25-1460 ,upload-bronxcare--operatory-fcn49vks27@us02.procoretech.com
25-1506,upload-nycha-repairs--construction-sign-xdze2pw3an@us02.procoretech.com
25-1509,upload-hvr210-hillview-reservoir-chemical-addit-cjmnwvmihs@us02.procoretech.com
25-1512,upload-parker-towers--elevator-bank-xhkit6d1cd@us02.procoretech.com
CP 2025,upload-city-parking-2025-h6h9ccerw5@us02.procoretech.com
test2,SINGH.MANPREET171900@GMAIL.COM
test22,SINGH.MANPREET171900@GMAIL.COM
